{"restPoint":{"x":0,"y":0,"z":-130},"servo1":{"minimumAngle":11.447287034628303,"maximumAngle":86.4472870346283},"servo2":{"minimumAngle":8.447287034628303,"maximumAngle":86.4472870346283},"servo3":{"minimumAngle":11.447287034628303,"maximumAngle":91.4472870346283},"device":{"contactPoint":{"position":{"x":0,"y":0,"z":-150},"screenCoordinates":{"x":285,"y":287}},"point1":{"position":{"x":0,"y":20,"z":-145},"screenCoordinates":{"x":294,"y":86}},"point2":{"position":{"x":20,"y":0,"z":-145},"screenCoordinates":{"x":484,"y":264}}}}
